Vote for President,Vote for Treasurer,Vote for Vice President Technology,Vote for Vice President Communications,Vote for Vice President Events,Vote for Secretary
Adithya Lakshman Balasubramanian,Adithya Lakshman Balasubramanian,Adithya Lakshman Balasubramanian,Adithya Lakshman Balasubramanian,Adithya Lakshman Balasubramanian,Adithya Lakshman Balasubramanian
Adithya Lakshman Balasubramanian,Adithya Lakshman Balasubramanian,Adithya Lakshman Balasubramanian,Adithya Lakshman Balasubramanian,Adithya Lakshman Balasubramanian,Adithya Lakshman Balasubramanian
Adithya Lakshman Balasubramanian,Adithya Lakshman Balasubramanian,Adithya Lakshman Balasubramanian,Adithya Lakshman Balasubramanian,Adithya Lakshman Balasubramanian,Adithya Lakshman Balasubramanian
Adithya Lakshman Balasubramanian,Adithya Lakshman Balasubramanian,Adithya Lakshman Balasubramanian,Adithya Lakshman Balasubramanian,Adithya Lakshman Balasubramanian,Adithya Lakshman Balasubramanian
Adithya Lakshman Balasubramanian,Adithya Lakshman Balasubramanian,Adithya Lakshman Balasubramanian,Adithya Lakshman Balasubramanian,Adithya Lakshman Balasubramanian,Adithya Lakshman Balasubramanian
Adithya Lakshman Balasubramanian,Adithya Lakshman Balasubramanian,Adithya Lakshman Balasubramanian,Adithya Lakshman Balasubramanian,Adithya Lakshman Balasubramanian,Adithya Lakshman Balasubramanian
Adithya Lakshman Balasubramanian,Aravind Srinivasan,Adithya Lakshman Balasubramanian,Adithya Lakshman Balasubramanian,Adithya Lakshman Balasubramanian,Aravind Srinivasan
Adithya Lakshman Balasubramanian,Prabhanjan Sosale Muralidhara,Adithya Lakshman Balasubramanian,Aravind Srinivasan,Adithya Lakshman Balasubramanian,Aravind Srinivasan
Adithya Lakshman Balasubramanian,Prabhanjan Sosale Muralidhara,Adithya Lakshman Balasubramanian,Aravind Srinivasan,Aravind Srinivasan,Aravind Srinivasan
Adithya Lakshman Balasubramanian,Prabhanjan Sosale Muralidhara,Jaharsh,Jaharsh,Jaharsh,Aravind Srinivasan
Jaharsh,Prabhanjan Sosale Muralidhara,Jaharsh,Prabhanjan Sosale Muralidhara,Jaharsh,Jaharsh
Prabhanjan Sosale Muralidhara,Raghav Krishnamurthy,Jaharsh,Prabhanjan Sosale Muralidhara,Prabhanjan Sosale Muralidhara,Jaharsh
Prabhanjan Sosale Muralidhara,Raghav Krishnamurthy,Jaharsh,Raghav Krishnamurthy,Prabhanjan Sosale Muralidhara,Prabhanjan Sosale Muralidhara
Raghav Krishnamurthy,Raghav Krishnamurthy,Jaharsh,Raghav Krishnamurthy,Raghav Krishnamurthy,Raghav Krishnamurthy
Raghav Krishnamurthy,Sriram Dhanasekaran,Prabhanjan Sosale Muralidhara,Sriram Dhanasekaran,Raghav Krishnamurthy,Raghav Krishnamurthy
Raghav Krishnamurthy,Sriram Dhanasekaran,Prabhanjan Sosale Muralidhara,Sriram Dhanasekaran,Raghav Krishnamurthy,Raghav Krishnamurthy
Raghav Krishnamurthy,Steve Ouandji,Prabhanjan Sosale Muralidhara,Steve Ouandji,Sriram Dhanasekaran,Raghav Krishnamurthy
Sriram Dhanasekaran,Thara Sridhar,Raghav Krishnamurthy,Steve Ouandji,Sriram Dhanasekaran,Steve Ouandji
Steve Ouandji,Thara Sridhar,Sriram Dhanasekaran,Thara Sridhar,Steve Ouandji,Steve Ouandji
Steve Ouandji,Thara Sridhar,Steve Ouandji,Thara Sridhar,Steve Ouandji,Steve Ouandji
Steve Ouandji,Thara Sridhar,Steve Ouandji,Thara Sridhar,Steve Ouandji,Steve Ouandji
Steve Ouandji,Thara Sridhar,Thara Sridhar,Thara Sridhar,Thara Sridhar,Thara Sridhar
Thara Sridhar,Thara Sridhar,Thara Sridhar,Thara Sridhar,Thara Sridhar,Thara Sridhar
Thara Sridhar,,,,,Thara Sridhar
